<?xml version="1.0" ?>
<LOG_ROOT>
	<PROJECT NAME="g54_Lab3">
		<CBX_INST_ENTRY INSTANCE_NAME="|g54_stackTestBed|g54_stack52:inst2|LPM_FF:inst39|lpm_constant:sc" CBX_FILE_NAME="lpm_constant_r84.tdf"/>
		<CBX_INST_ENTRY INSTANCE_NAME="|g54_stackTestBed|g54_stack52:inst2|LPM_FF:inst93|lpm_constant:sc" CBX_FILE_NAME="lpm_constant_ea4.tdf"/>
		<CBX_INST_ENTRY INSTANCE_NAME="|g54_stackTestBed|g54_stack52:inst2|lpm_mux2:inst176|LPM_MUX:LPM_MUX_component" CBX_FILE_NAME="mux_53e.tdf"/>
		<CBX_INST_ENTRY INSTANCE_NAME="|g54_stackTestBed|g54_stack52:inst2|LPM_FF:inst94|lpm_constant:sc" CBX_FILE_NAME="lpm_constant_fa4.tdf"/>
		<CBX_INST_ENTRY INSTANCE_NAME="|g54_stackTestBed|g54_stack52:inst2|lpm_mux2:inst177|LPM_MUX:LPM_MUX_component" CBX_FILE_NAME="mux_53e.tdf"/>
		<CBX_INST_ENTRY INSTANCE_NAME="|g54_stackTestBed|g54_pulseGen:inst|lpm_compareFFpulse:inst11|lpm_compare:LPM_COMPARE_component" CBX_FILE_NAME="cmpr_f7j.tdf"/>
		<CBX_INST_ENTRY INSTANCE_NAME="|g54_stackTestBed|g54_stack52:inst2|LPM_FF:inst95|lpm_constant:sc" CBX_FILE_NAME="lpm_constant_ga4.tdf"/>
		<CBX_INST_ENTRY INSTANCE_NAME="|g54_stackTestBed|g54_stack52:inst2|LPM_FF:inst78|lpm_constant:sc" CBX_FILE_NAME="lpm_constant_794.tdf"/>
		<CBX_INST_ENTRY INSTANCE_NAME="|g54_stackTestBed|g54_stack52:inst2|LPM_FF:inst96|lpm_constant:sc" CBX_FILE_NAME="lpm_constant_ha4.tdf"/>
		<CBX_INST_ENTRY INSTANCE_NAME="|g54_stackTestBed|g54_stack52:inst2|lpm_mux2:inst100|LPM_MUX:LPM_MUX_component" CBX_FILE_NAME="mux_53e.tdf"/>
		<CBX_INST_ENTRY INSTANCE_NAME="|g54_stackTestBed|g54_pulseGen:inst|lpm_compareZERO:inst9|lpm_compare:LPM_COMPARE_component" CBX_FILE_NAME="cmpr_f7j.tdf"/>
		<CBX_INST_ENTRY INSTANCE_NAME="|g54_stackTestBed|g54_pulseGen:inst|lpm_counterPulse:inst5|lpm_counter:LPM_COUNTER_component" CBX_FILE_NAME="cntr_lpi.tdf"/>
		<CBX_INST_ENTRY INSTANCE_NAME="|g54_stackTestBed|g54_stack52:inst2|LPM_FF:inst79|lpm_constant:sc" CBX_FILE_NAME="lpm_constant_894.tdf"/>
		<CBX_INST_ENTRY INSTANCE_NAME="|g54_stackTestBed|g54_stack52:inst2|LPM_FF:inst|lpm_constant:sc" CBX_FILE_NAME="lpm_constant_i84.tdf"/>
		<CBX_INST_ENTRY INSTANCE_NAME="|g54_stackTestBed|g54_pulseGen:inst|lpm_compare6:inst4|lpm_compare:LPM_COMPARE_component" CBX_FILE_NAME="cmpr_29j.tdf"/>
		<CBX_INST_ENTRY INSTANCE_NAME="|g54_stackTestBed|g54_stack52:inst2|LPM_FF:inst20|lpm_constant:sc" CBX_FILE_NAME="lpm_constant_q84.tdf"/>
		<CBX_INST_ENTRY INSTANCE_NAME="|g54_stackTestBed|g54_stack52:inst2|lpm_mux2:inst50|LPM_MUX:LPM_MUX_component" CBX_FILE_NAME="mux_53e.tdf"/>
		<CBX_INST_ENTRY INSTANCE_NAME="|g54_stackTestBed|g54_pulseGen:inst|lpm_ButtonCounter:inst6|lpm_counter:LPM_COUNTER_component" CBX_FILE_NAME="cntr_6dk.tdf"/>
		<CBX_INST_ENTRY INSTANCE_NAME="|g54_stackTestBed|g54_stack52:inst2|LPM_FF:inst22|lpm_constant:sc" CBX_FILE_NAME="lpm_constant_2a4.tdf"/>
		<CBX_INST_ENTRY INSTANCE_NAME="|g54_stackTestBed|g54_stack52:inst2|lpm_mux0:inst107|LPM_MUX:LPM_MUX_component" CBX_FILE_NAME="mux_v4e.tdf"/>
		<CBX_INST_ENTRY INSTANCE_NAME="|g54_stackTestBed|g54_stack52:inst2|lpm_mux2:inst105|LPM_MUX:LPM_MUX_component" CBX_FILE_NAME="mux_53e.tdf"/>
		<CBX_INST_ENTRY INSTANCE_NAME="|g54_stackTestBed|g54_stack52:inst2|lpm_mux2:inst33|LPM_MUX:LPM_MUX_component" CBX_FILE_NAME="mux_53e.tdf"/>
		<CBX_INST_ENTRY INSTANCE_NAME="|g54_stackTestBed|g54_stack52:inst2|lpm_mux2:inst51|LPM_MUX:LPM_MUX_component" CBX_FILE_NAME="mux_53e.tdf"/>
		<CBX_INST_ENTRY INSTANCE_NAME="|g54_stackTestBed|g54_stack52:inst2|LPM_FF:inst23|lpm_constant:sc" CBX_FILE_NAME="lpm_constant_3a4.tdf"/>
		<CBX_INST_ENTRY INSTANCE_NAME="|g54_stackTestBed|g54_stack52:inst2|lpm_mux2:inst106|LPM_MUX:LPM_MUX_component" CBX_FILE_NAME="mux_53e.tdf"/>
		<CBX_INST_ENTRY INSTANCE_NAME="|g54_stackTestBed|g54_stack52:inst2|lpm_mux2:inst34|LPM_MUX:LPM_MUX_component" CBX_FILE_NAME="mux_53e.tdf"/>
		<CBX_INST_ENTRY INSTANCE_NAME="|g54_stackTestBed|g54_stack52:inst2|LPM_FF:inst60|lpm_constant:sc" CBX_FILE_NAME="lpm_constant_494.tdf"/>
		<CBX_INST_ENTRY INSTANCE_NAME="|g54_stackTestBed|g54_stack52:inst2|lpm_mux2:inst35|LPM_MUX:LPM_MUX_component" CBX_FILE_NAME="mux_53e.tdf"/>
		<CBX_INST_ENTRY INSTANCE_NAME="|g54_stackTestBed|g54_stack52:inst2|lpm_mux2:inst71|LPM_MUX:LPM_MUX_component" CBX_FILE_NAME="mux_53e.tdf"/>
		<CBX_INST_ENTRY INSTANCE_NAME="|g54_stackTestBed|g54_stack52:inst2|LPM_FF:inst61|lpm_constant:sc" CBX_FILE_NAME="lpm_constant_8a4.tdf"/>
		<CBX_INST_ENTRY INSTANCE_NAME="|g54_stackTestBed|g54_stack52:inst2|lpm_mux2:inst72|LPM_MUX:LPM_MUX_component" CBX_FILE_NAME="mux_53e.tdf"/>
		<CBX_INST_ENTRY INSTANCE_NAME="|g54_stackTestBed|g54_stack52:inst2|lpm_mux2:inst90|LPM_MUX:LPM_MUX_component" CBX_FILE_NAME="mux_53e.tdf"/>
		<CBX_INST_ENTRY INSTANCE_NAME="|g54_stackTestBed|lpm_constantMODE0:inst8|lpm_constant:LPM_CONSTANT_component" CBX_FILE_NAME="lpm_constant_3e6.tdf"/>
		<CBX_INST_ENTRY INSTANCE_NAME="|g54_stackTestBed|lpm_constantMODE1:inst7|lpm_constant:LPM_CONSTANT_component" CBX_FILE_NAME="lpm_constant_4e6.tdf"/>
		<CBX_INST_ENTRY INSTANCE_NAME="|g54_stackTestBed|g54_stack52:inst2|LPM_FF:inst62|lpm_constant:sc" CBX_FILE_NAME="lpm_constant_9a4.tdf"/>
		<CBX_INST_ENTRY INSTANCE_NAME="|g54_stackTestBed|g54_stack52:inst2|LPM_FF:inst80|lpm_constant:sc" CBX_FILE_NAME="lpm_constant_994.tdf"/>
		<CBX_INST_ENTRY INSTANCE_NAME="|g54_stackTestBed|g54_stack52:inst2|lpm_mux2:inst73|LPM_MUX:LPM_MUX_component" CBX_FILE_NAME="mux_53e.tdf"/>
		<CBX_INST_ENTRY INSTANCE_NAME="|g54_stackTestBed|g54_stack52:inst2|lpm_mux2:inst91|LPM_MUX:LPM_MUX_component" CBX_FILE_NAME="mux_53e.tdf"/>
		<CBX_INST_ENTRY INSTANCE_NAME="|g54_stackTestBed|g54_stack52:inst2|LPM_FF:inst45|lpm_constant:sc" CBX_FILE_NAME="lpm_constant_s84.tdf"/>
		<CBX_INST_ENTRY INSTANCE_NAME="|g54_stackTestBed|g54_stack52:inst2|LPM_FF:inst63|lpm_constant:sc" CBX_FILE_NAME="lpm_constant_aa4.tdf"/>
		<CBX_INST_ENTRY INSTANCE_NAME="|g54_stackTestBed|g54_stack52:inst2|LPM_FF:inst81|lpm_constant:sc" CBX_FILE_NAME="lpm_constant_a94.tdf"/>
		<CBX_INST_ENTRY INSTANCE_NAME="|g54_stackTestBed|g54_stack52:inst2|lpm_mux2:inst56|LPM_MUX:LPM_MUX_component" CBX_FILE_NAME="mux_53e.tdf"/>
		<CBX_INST_ENTRY INSTANCE_NAME="|g54_stackTestBed|g54_stack52:inst2|lpm_mux2:inst92|LPM_MUX:LPM_MUX_component" CBX_FILE_NAME="mux_53e.tdf"/>
		<CBX_INST_ENTRY INSTANCE_NAME="|g54_stackTestBed|g54_stack52:inst2|LPM_FF:inst46|lpm_constant:sc" CBX_FILE_NAME="lpm_constant_t84.tdf"/>
		<CBX_INST_ENTRY INSTANCE_NAME="|g54_stackTestBed|g54_stack52:inst2|lpm_mux2:inst57|LPM_MUX:LPM_MUX_component" CBX_FILE_NAME="mux_53e.tdf"/>
		<CBX_INST_ENTRY INSTANCE_NAME="|g54_stackTestBed|g54_stack52:inst2|lpm_mux2:inst75|LPM_MUX:LPM_MUX_component" CBX_FILE_NAME="mux_53e.tdf"/>
		<CBX_INST_ENTRY INSTANCE_NAME="|g54_stackTestBed|g54_pulseGen:inst|lpm_compareONE:inst20|lpm_compare:LPM_COMPARE_component" CBX_FILE_NAME="cmpr_lmi.tdf"/>
		<CBX_INST_ENTRY INSTANCE_NAME="|g54_stackTestBed|g54_stack52:inst2|LPM_FF:inst38|lpm_constant:sc" CBX_FILE_NAME="lpm_constant_7a4.tdf"/>
		<CBX_INST_ENTRY INSTANCE_NAME="|g54_stackTestBed|g54_stack52:inst2|LPM_FF:inst47|lpm_constant:sc" CBX_FILE_NAME="lpm_constant_u84.tdf"/>
		<CBX_INST_ENTRY INSTANCE_NAME="|g54_stackTestBed|g54_stack52:inst2|LPM_FF:inst74|lpm_constant:sc" CBX_FILE_NAME="lpm_constant_694.tdf"/>
		<CBX_INST_ENTRY INSTANCE_NAME="|g54_stackTestBed|g54_stack52:inst2|lpm_mux2:inst175|LPM_MUX:LPM_MUX_component" CBX_FILE_NAME="mux_53e.tdf"/>
		<CBX_INST_ENTRY INSTANCE_NAME="|g54_stackTestBed|g54_stack52:inst2|lpm_mux2:inst49|LPM_MUX:LPM_MUX_component" CBX_FILE_NAME="mux_53e.tdf"/>
		<CBX_INST_ENTRY INSTANCE_NAME="|g54_stackTestBed|g54_stack52:inst2|lpm_mux2:inst58|LPM_MUX:LPM_MUX_component" CBX_FILE_NAME="mux_53e.tdf"/>
		<CBX_INST_ENTRY INSTANCE_NAME="|g54_stackTestBed|g54_stack52:inst2|lpm_mux2:inst76|LPM_MUX:LPM_MUX_component" CBX_FILE_NAME="mux_53e.tdf"/>
		<CBX_INST_ENTRY INSTANCE_NAME="|g54_stackTestBed|g54_stack52:inst2|lpm_mux2:inst85|LPM_MUX:LPM_MUX_component" CBX_FILE_NAME="mux_53e.tdf"/>
		<CBX_INST_ENTRY INSTANCE_NAME="|g54_stackTestBed|g54_stack52:inst2|LPM_FF:inst48|lpm_constant:sc" CBX_FILE_NAME="lpm_constant_v84.tdf"/>
		<CBX_INST_ENTRY INSTANCE_NAME="|g54_stackTestBed|g54_stack52:inst2|lpm_mux2:inst59|LPM_MUX:LPM_MUX_component" CBX_FILE_NAME="mux_53e.tdf"/>
		<CBX_INST_ENTRY INSTANCE_NAME="|g54_stackTestBed|g54_stack52:inst2|lpm_mux2:inst77|LPM_MUX:LPM_MUX_component" CBX_FILE_NAME="mux_53e.tdf"/>
		<CBX_INST_ENTRY INSTANCE_NAME="|g54_stackTestBed|g54_stack52:inst2|LPM_FF:inst67|lpm_constant:sc" CBX_FILE_NAME="lpm_constant_ba4.tdf"/>
		<CBX_INST_ENTRY INSTANCE_NAME="|g54_stackTestBed|g54_stack52:inst2|LPM_FF:inst68|lpm_constant:sc" CBX_FILE_NAME="lpm_constant_ca4.tdf"/>
		<CBX_INST_ENTRY INSTANCE_NAME="|g54_stackTestBed|g54_stack52:inst2|LPM_FF:inst86|lpm_constant:sc" CBX_FILE_NAME="lpm_constant_b94.tdf"/>
		<CBX_INST_ENTRY INSTANCE_NAME="|g54_stackTestBed|g54_stack52:inst2|lpm_compareEMPTY:inst165|lpm_compare:LPM_COMPARE_component" CBX_FILE_NAME="cmpr_mmi.tdf"/>
		<CBX_INST_ENTRY INSTANCE_NAME="|g54_stackTestBed|g54_stack52:inst2|lpm_mux2:inst169|LPM_MUX:LPM_MUX_component" CBX_FILE_NAME="mux_53e.tdf"/>
		<CBX_INST_ENTRY INSTANCE_NAME="|g54_stackTestBed|g54_stack52:inst2|lpm_mux2:inst97|LPM_MUX:LPM_MUX_component" CBX_FILE_NAME="mux_53e.tdf"/>
		<CBX_INST_ENTRY INSTANCE_NAME="|g54_stackTestBed|lpm_constantDATAIN:inst3|lpm_constant:LPM_CONSTANT_component" CBX_FILE_NAME="lpm_constant_ah6.tdf"/>
		<CBX_INST_ENTRY INSTANCE_NAME="|g54_stackTestBed|g54_stack52:inst2|LPM_FF:inst69|lpm_constant:sc" CBX_FILE_NAME="lpm_constant_da4.tdf"/>
		<CBX_INST_ENTRY INSTANCE_NAME="|g54_stackTestBed|g54_stack52:inst2|LPM_FF:inst87|lpm_constant:sc" CBX_FILE_NAME="lpm_constant_c94.tdf"/>
		<CBX_INST_ENTRY INSTANCE_NAME="|g54_stackTestBed|g54_stack52:inst2|lpm_mux2:inst98|LPM_MUX:LPM_MUX_component" CBX_FILE_NAME="mux_53e.tdf"/>
		<CBX_INST_ENTRY INSTANCE_NAME="|g54_stackTestBed|g54_pulseGen:inst|lpm_pulseOutputCounter:inst13|lpm_counter:LPM_COUNTER_component" CBX_FILE_NAME="cntr_2oi.tdf"/>
		<CBX_INST_ENTRY INSTANCE_NAME="|g54_stackTestBed|g54_stack52:inst2|LPM_FF:inst88|lpm_constant:sc" CBX_FILE_NAME="lpm_constant_d94.tdf"/>
		<CBX_INST_ENTRY INSTANCE_NAME="|g54_stackTestBed|g54_stack52:inst2|lpm_mux2:inst99|LPM_MUX:LPM_MUX_component" CBX_FILE_NAME="mux_53e.tdf"/>
		<CBX_INST_ENTRY INSTANCE_NAME="|g54_stackTestBed|g54_stack52:inst2|LPM_FF:inst1|lpm_constant:sc" CBX_FILE_NAME="lpm_constant_m84.tdf"/>
		<CBX_INST_ENTRY INSTANCE_NAME="|g54_stackTestBed|g54_stack52:inst2|LPM_FF:inst89|lpm_constant:sc" CBX_FILE_NAME="lpm_constant_e94.tdf"/>
		<CBX_INST_ENTRY INSTANCE_NAME="|g54_stackTestBed|g54_stack52:inst2|lpm_decode0:inst115|lpm_decode:LPM_DECODE_component" CBX_FILE_NAME="decode_n6f.tdf"/>
		<CBX_INST_ENTRY INSTANCE_NAME="|g54_stackTestBed|g54_stack52:inst2|lpm_mux2:inst111|LPM_MUX:LPM_MUX_component" CBX_FILE_NAME="mux_53e.tdf"/>
		<CBX_INST_ENTRY INSTANCE_NAME="|g54_stackTestBed|g54_stack52:inst2|LPM_FF:inst101|lpm_constant:sc" CBX_FILE_NAME="lpm_constant_ia4.tdf"/>
		<CBX_INST_ENTRY INSTANCE_NAME="|g54_stackTestBed|g54_stack52:inst2|lpm_mux2:inst112|LPM_MUX:LPM_MUX_component" CBX_FILE_NAME="mux_53e.tdf"/>
		<CBX_INST_ENTRY INSTANCE_NAME="|g54_stackTestBed|g54_stack52:inst2|lpm_mux2:inst40|LPM_MUX:LPM_MUX_component" CBX_FILE_NAME="mux_53e.tdf"/>
		<CBX_INST_ENTRY INSTANCE_NAME="|g54_stackTestBed|g54_stack52:inst2|LPM_FF:inst102|lpm_constant:sc" CBX_FILE_NAME="lpm_constant_ja4.tdf"/>
		<CBX_INST_ENTRY INSTANCE_NAME="|g54_stackTestBed|g54_stack52:inst2|LPM_FF:inst12|lpm_constant:sc" CBX_FILE_NAME="lpm_constant_l84.tdf"/>
		<CBX_INST_ENTRY INSTANCE_NAME="|g54_stackTestBed|g54_stack52:inst2|lpm_compareFULL:inst166|lpm_compare:LPM_COMPARE_component" CBX_FILE_NAME="cmpr_i7j.tdf"/>
		<CBX_INST_ENTRY INSTANCE_NAME="|g54_stackTestBed|g54_stack52:inst2|lpm_mux2:inst113|LPM_MUX:LPM_MUX_component" CBX_FILE_NAME="mux_53e.tdf"/>
		<CBX_INST_ENTRY INSTANCE_NAME="|g54_stackTestBed|g54_stack52:inst2|lpm_mux2:inst41|LPM_MUX:LPM_MUX_component" CBX_FILE_NAME="mux_53e.tdf"/>
		<CBX_INST_ENTRY INSTANCE_NAME="|g54_stackTestBed|g54_stack52:inst2|LPM_FF:inst103|lpm_constant:sc" CBX_FILE_NAME="lpm_constant_f94.tdf"/>
		<CBX_INST_ENTRY INSTANCE_NAME="|g54_stackTestBed|g54_stack52:inst2|LPM_FF:inst13|lpm_constant:sc" CBX_FILE_NAME="lpm_constant_n84.tdf"/>
		<CBX_INST_ENTRY INSTANCE_NAME="|g54_stackTestBed|g54_stack52:inst2|LPM_FF:inst4|lpm_constant:sc" CBX_FILE_NAME="lpm_constant_h84.tdf"/>
		<CBX_INST_ENTRY INSTANCE_NAME="|g54_stackTestBed|g54_stack52:inst2|lpm_mux2:inst114|LPM_MUX:LPM_MUX_component" CBX_FILE_NAME="mux_53e.tdf"/>
		<CBX_INST_ENTRY INSTANCE_NAME="|g54_stackTestBed|g54_stack52:inst2|lpm_mux2:inst42|LPM_MUX:LPM_MUX_component" CBX_FILE_NAME="mux_53e.tdf"/>
		<CBX_INST_ENTRY INSTANCE_NAME="|g54_stackTestBed|g54_stack52:inst2|LPM_FF:inst104|lpm_constant:sc" CBX_FILE_NAME="lpm_constant_g94.tdf"/>
		<CBX_INST_ENTRY INSTANCE_NAME="|g54_stackTestBed|g54_stack52:inst2|LPM_FF:inst14|lpm_constant:sc" CBX_FILE_NAME="lpm_constant_o84.tdf"/>
		<CBX_INST_ENTRY INSTANCE_NAME="|g54_stackTestBed|g54_stack52:inst2|LPM_FF:inst32|lpm_constant:sc" CBX_FILE_NAME="lpm_constant_4a4.tdf"/>
		<CBX_INST_ENTRY INSTANCE_NAME="|g54_stackTestBed|g54_stack52:inst2|LPM_FF:inst5|lpm_constant:sc" CBX_FILE_NAME="lpm_constant_k84.tdf"/>
		<CBX_INST_ENTRY INSTANCE_NAME="|g54_stackTestBed|g54_stack52:inst2|lpm_mux2:inst25|LPM_MUX:LPM_MUX_component" CBX_FILE_NAME="mux_53e.tdf"/>
		<CBX_INST_ENTRY INSTANCE_NAME="|g54_stackTestBed|g54_stack52:inst2|lpm_mux2:inst43|LPM_MUX:LPM_MUX_component" CBX_FILE_NAME="mux_53e.tdf"/>
		<CBX_INST_ENTRY INSTANCE_NAME="|g54_stackTestBed|g54_stack52:inst2|LPM_FF:inst15|lpm_constant:sc" CBX_FILE_NAME="lpm_constant_p84.tdf"/>
		<CBX_INST_ENTRY INSTANCE_NAME="|g54_stackTestBed|g54_stack52:inst2|lpm_STACKCOUNTER:inst2|lpm_counter:LPM_COUNTER_component" CBX_FILE_NAME="cntr_p5j.tdf"/>
		<CBX_INST_ENTRY INSTANCE_NAME="|g54_stackTestBed|g54_stack52:inst2|lpm_mux2:inst116|LPM_MUX:LPM_MUX_component" CBX_FILE_NAME="mux_53e.tdf"/>
		<CBX_INST_ENTRY INSTANCE_NAME="|g54_stackTestBed|g54_stack52:inst2|lpm_mux2:inst170|LPM_MUX:LPM_MUX_component" CBX_FILE_NAME="mux_53e.tdf"/>
		<CBX_INST_ENTRY INSTANCE_NAME="|g54_stackTestBed|g54_stack52:inst2|lpm_mux2:inst44|LPM_MUX:LPM_MUX_component" CBX_FILE_NAME="mux_53e.tdf"/>
		<CBX_INST_ENTRY INSTANCE_NAME="|g54_stackTestBed|g54_stack52:inst2|LPM_FF:inst52|lpm_constant:sc" CBX_FILE_NAME="lpm_constant_094.tdf"/>
		<CBX_INST_ENTRY INSTANCE_NAME="|g54_stackTestBed|g54_stack52:inst2|LPM_FF:inst70|lpm_constant:sc" CBX_FILE_NAME="lpm_constant_594.tdf"/>
		<CBX_INST_ENTRY INSTANCE_NAME="|g54_stackTestBed|g54_stack52:inst2|lpm_mux2:inst171|LPM_MUX:LPM_MUX_component" CBX_FILE_NAME="mux_53e.tdf"/>
		<CBX_INST_ENTRY INSTANCE_NAME="|g54_stackTestBed|g54_stack52:inst2|LPM_FF:inst53|lpm_constant:sc" CBX_FILE_NAME="lpm_constant_194.tdf"/>
		<CBX_INST_ENTRY INSTANCE_NAME="|g54_stackTestBed|g54_stack52:inst2|LPM_FF:inst8|lpm_constant:sc" CBX_FILE_NAME="lpm_constant_j84.tdf"/>
		<CBX_INST_ENTRY INSTANCE_NAME="|g54_stackTestBed|g54_stack52:inst2|lpm_mux2:inst172|LPM_MUX:LPM_MUX_component" CBX_FILE_NAME="mux_53e.tdf"/>
		<CBX_INST_ENTRY INSTANCE_NAME="|g54_stackTestBed|g54_stack52:inst2|lpm_mux2:inst64|LPM_MUX:LPM_MUX_component" CBX_FILE_NAME="mux_53e.tdf"/>
		<CBX_INST_ENTRY INSTANCE_NAME="|g54_stackTestBed|g54_stack52:inst2|lpm_mux2:inst82|LPM_MUX:LPM_MUX_component" CBX_FILE_NAME="mux_53e.tdf"/>
		<CBX_INST_ENTRY INSTANCE_NAME="|g54_stackTestBed|g54_stack52:inst2|LPM_FF:inst108|lpm_constant:sc" CBX_FILE_NAME="lpm_constant_h94.tdf"/>
		<CBX_INST_ENTRY INSTANCE_NAME="|g54_stackTestBed|g54_stack52:inst2|LPM_FF:inst36|lpm_constant:sc" CBX_FILE_NAME="lpm_constant_5a4.tdf"/>
		<CBX_INST_ENTRY INSTANCE_NAME="|g54_stackTestBed|g54_stack52:inst2|LPM_FF:inst54|lpm_constant:sc" CBX_FILE_NAME="lpm_constant_294.tdf"/>
		<CBX_INST_ENTRY INSTANCE_NAME="|g54_stackTestBed|g54_stack52:inst2|g54_pop_enable:inst28|LPM_ROM:crc_table|altrom:srom|altsyncram:rom_block" CBX_FILE_NAME="altsyncram_sp01.tdf"/>
		<CBX_INST_ENTRY INSTANCE_NAME="|g54_stackTestBed|g54_stack52:inst2|lpm_mux2:inst173|LPM_MUX:LPM_MUX_component" CBX_FILE_NAME="mux_53e.tdf"/>
		<CBX_INST_ENTRY INSTANCE_NAME="|g54_stackTestBed|g54_stack52:inst2|lpm_mux2:inst65|LPM_MUX:LPM_MUX_component" CBX_FILE_NAME="mux_53e.tdf"/>
		<CBX_INST_ENTRY INSTANCE_NAME="|g54_stackTestBed|g54_stack52:inst2|lpm_mux2:inst83|LPM_MUX:LPM_MUX_component" CBX_FILE_NAME="mux_53e.tdf"/>
		<CBX_INST_ENTRY INSTANCE_NAME="|g54_stackTestBed|g54_stack52:inst2|LPM_FF:inst109|lpm_constant:sc" CBX_FILE_NAME="lpm_constant_i94.tdf"/>
		<CBX_INST_ENTRY INSTANCE_NAME="|g54_stackTestBed|g54_stack52:inst2|LPM_FF:inst37|lpm_constant:sc" CBX_FILE_NAME="lpm_constant_6a4.tdf"/>
		<CBX_INST_ENTRY INSTANCE_NAME="|g54_stackTestBed|g54_stack52:inst2|LPM_FF:inst55|lpm_constant:sc" CBX_FILE_NAME="lpm_constant_394.tdf"/>
		<CBX_INST_ENTRY INSTANCE_NAME="|g54_stackTestBed|g54_stack52:inst2|lpm_constant3:inst164|lpm_constant:LPM_CONSTANT_component" CBX_FILE_NAME="lpm_constant_of6.tdf"/>
		<CBX_INST_ENTRY INSTANCE_NAME="|g54_stackTestBed|g54_stack52:inst2|lpm_mux2:inst174|LPM_MUX:LPM_MUX_component" CBX_FILE_NAME="mux_53e.tdf"/>
		<CBX_INST_ENTRY INSTANCE_NAME="|g54_stackTestBed|g54_stack52:inst2|lpm_mux2:inst66|LPM_MUX:LPM_MUX_component" CBX_FILE_NAME="mux_53e.tdf"/>
		<CBX_INST_ENTRY INSTANCE_NAME="|g54_stackTestBed|g54_stack52:inst2|lpm_mux2:inst84|LPM_MUX:LPM_MUX_component" CBX_FILE_NAME="mux_53e.tdf"/>
	</PROJECT>
</LOG_ROOT>
